<?xml version="1.0" encoding="UTF-8"?>
<module><meta><versionid>20160929080643</versionid><priority>6</priority><server>http://52.17.123.50/</server><sequencing>none</sequencing><tags>counselling</tags><title lang="ur">موبائل کے زریعے مشاورت</title><title lang="en">mCounseling</title><shortname>mcounseling</shortname><description lang="en"></description><langs><lang>ur</lang><lang>en</lang></langs></meta><structure><section order="1"><title lang="ur"><![CDATA[پــــيــــدائــــش ۾ وقــــفــو]]></title><title lang="en"><![CDATA[Birth Spacing]]></title><activities><activity type="page" order="1" digest="af64e3b8f5c5aa2a9fd987b79fffca1c21391"><title lang="ur">اہمیت</title><title lang="en">Importance</title><location lang="ur">01_21391_ur.html</location><location lang="en">01_21391_en.html</location></activity><activity type="page" order="2" digest="3de6d86fea68cce806a39c770c9b554e30845"><title lang="ur">پہلا قدم: بات کو غور سے سننا اور مسئلے کی تہ تک پہنچنا</title><title lang="en">First Step: Active Listening</title><location lang="ur">01_30845_ur.html</location><location lang="en">01_30845_en.html</location></activity><activity type="page" order="3" digest="4597d64396236695e72837a6391f597030846"><title lang="ur">دوسرا  قدم: مل جل کر مسئلے کا حل تلاش کرنا</title><title lang="en">Second Step: Joint Problem Solving</title><location lang="ur">01_30846_ur.html</location><location lang="en">01_30846_en.html</location></activity><activity type="page" order="4" digest="4c2514bfe6a88fe35898bc81cb126a2b21384"><title lang="ur">تیسرا  قدم: عملی کام</title><title lang="en">Third Step: Action</title><location lang="ur">01_21384_ur.html</location><location lang="en">01_21384_en.html</location></activity></activities></section><section order="2"><title lang="ur"><![CDATA[دوران حمل معائنہ]]></title><title lang="en"><![CDATA[Antenatal Care Visits]]></title><activities><activity type="page" order="1" digest="58cecd622ef56b1e76b4aac807eb4e5421370"><title lang="ur">اہمیت</title><title lang="en">Importance</title><location lang="ur">02_21370_ur.html</location><location lang="en">02_21370_en.html</location></activity><activity type="page" order="2" digest="7c4f064deb55563727091ceb592bcf5530847"><title lang="ur">پہلا قدم: بات کو غور سے سننا اور مسئلے کی تہ تک پہنچنا</title><title lang="en">First Step: Active Listening</title><media><file filename="neg2.3gp" download_url="http://downloads.digital-campus.org/media/bright-future/neg2.3gp" digest="12e8afa21e6b1747df66a2e093f23a27" filesize="5712559" length="120"/></media><location lang="ur">02_30847_ur.html</location><location lang="en">02_30847_en.html</location></activity><activity type="page" order="3" digest="90e513d49e554a9fc5f521e3ac72c56230848"><title lang="ur">دوسرا  قدم: مل جل کر مسئلے کا حل تلاش کرنا</title><title lang="en">Second Step: Joint Problem Solving</title><media><file filename="pos2.3gp" download_url="http://downloads.digital-campus.org/media/bright-future/pos2.3gp" digest="a3b9bcc09682b7fde251703ec0bee04e" filesize="8259812" length="175"/></media><location lang="ur">02_30848_ur.html</location><location lang="en">02_30848_en.html</location></activity><activity type="page" order="4" digest="6ba42d6a13b2dac9da85cc0f1aaa60d830852"><title lang="ur">تیسرا  قدم: عملی کام</title><title lang="en">Third Step: Action</title><location lang="ur">02_30852_ur.html</location><location lang="en">02_30852_en.html</location></activity></activities></section><section order="3"><title lang="en"><![CDATA[Antenatal Check Up Details]]></title><activities><activity type="page" order="1" digest="f8bf54ea2a27e7ff33e46a53db86707425803"><title lang="ur">اہمیت</title><title lang="en">Importance</title><location lang="ur">03_25803_ur.html</location><location lang="en">03_25803_en.html</location></activity><activity type="page" order="2" digest="837f1328d74d85c2e060055d957dc1b730849"><title lang="en">First Step: Active Listeningپہلا قدم: بات کو غور سے سننا اور مسئلے کی تہ تک پہنچنا</title><media><file filename="neg3.3gp" download_url="http://downloads.digital-campus.org/media/bright-future/neg3.3gp" digest="178386126a40b89f287a97a9374bab49" filesize="6002317" length="126"/></media><location lang="ur">03_30849_ur.html</location><location lang="en">03_30849_en.html</location></activity><activity type="page" order="3" digest="8cc20f2ea8e06eeacc1cd54d99edc69d30851"><title lang="en">Second Step: Joint Problem Solvingدوسرا  قدم: مل جل کر مسئلے کا حل تلاش کرنا</title><media><file filename="pos3.3gp" download_url="http://downloads.digital-campus.org/media/bright-future/pos3.3gp" digest="5bf08c202f1312480feaad3ff1fbfe38" filesize="5256097" length="111"/></media><location lang="ur">03_30851_ur.html</location><location lang="en">03_30851_en.html</location></activity><activity type="page" order="4" digest="8508a1c0850d75b6ee8db4c4f4f9c95125808"><title lang="ur">تیسرا  قدم: عملی کام</title><title lang="en">Third Step: Action</title><location lang="ur">03_25808_ur.html</location><location lang="en">03_25808_en.html</location></activity></activities></section><section order="4"><title lang="ur"><![CDATA[غذا، فولک ایسڈ اور فولاد]]></title><title lang="en"><![CDATA[Food, Folic Acid and Iron]]></title><activities><activity type="page" order="1" digest="f3f66f76e5187618e32501ef334ad16f25806"><title lang="ur">اہمیت</title><title lang="en">Importance</title><location lang="ur">04_25806_ur.html</location><location lang="en">04_25806_en.html</location></activity><activity type="page" order="2" digest="1ce426dfd821b294b1a4efa3deaf194630854"><title lang="ur">پہلا قدم: بات کو غور سے سننا اور مسئلے کی تہ تک پہنچنا</title><title lang="en">First Step: Active Listening</title><location lang="ur">04_30854_ur.html</location><location lang="en">04_30854_en.html</location></activity><activity type="page" order="3" digest="12ba6370ab23e179468dbc45e1c8ff1c30855"><title lang="ur">دوسرا  قدم: مل جل کر مسئلے کا حل تلاش کرنا</title><title lang="en">Second Step: Joint Problem Solving</title><location lang="ur">04_30855_ur.html</location><location lang="en">04_30855_en.html</location></activity><activity type="page" order="4" digest="5ec26b17623d9a87d5d20f2e1af5cfec25805"><title lang="ur">تیسرا  قدم: عملی کام</title><title lang="en">Third Step: Action</title><location lang="ur">04_25805_ur.html</location><location lang="en">04_25805_en.html</location></activity></activities></section><section order="5"><title lang="ur"><![CDATA[دوران حمل خطرے کی علامات]]></title><title lang="en"><![CDATA[Danger Signs During Pregnancy]]></title><activities><activity type="page" order="1" digest="6ecb9af97bfc788664a1da3f54cab13025809"><title lang="ur">اہمیت</title><title lang="en">Importance</title><location lang="ur">05_25809_ur.html</location><location lang="en">05_25809_en.html</location></activity><activity type="page" order="2" digest="ba21c3c5bc2520cf7f86122406c2aa4530856"><title lang="en">First Step: Active Listeningپہلا قدم: بات کو غور سے سننا اور مسئلے کی تہ تک پہنچنا</title><location lang="ur">05_30856_ur.html</location><location lang="en">05_30856_en.html</location></activity><activity type="page" order="3" digest="8f9dd73e5797bea90fec3d13f4d57ee730850"><title lang="en">Second Step: Joint Problem Solvingدوسرا  قدم: مل جل کر مسئلے کا حل تلاش کرنا</title><location lang="ur">05_30850_ur.html</location><location lang="en">05_30850_en.html</location></activity><activity type="page" order="4" digest="59cb20fa46582ca645f9bbf433b08aeb25811"><title lang="en">Third Step: Actionتیسرا  قدم: عملی کام</title><location lang="ur">05_25811_ur.html</location><location lang="en">05_25811_en.html</location></activity></activities></section><section order="6"><title lang="ur"><![CDATA[ماہرِزچگی کی اہمیت]]></title><title lang="en"><![CDATA[Importance of Skilled Birth Attendant]]></title><activities><activity type="page" order="1" digest="8aabda1e3fc8a97f1962edc7a76a847f25812"><title lang="ur">اہمیت</title><title lang="en">Importance</title><location lang="ur">06_25812_ur.html</location><location lang="en">06_25812_en.html</location></activity><activity type="page" order="2" digest="5b4f48711f9b7e463bed5aef865d4ba530858"><title lang="en">First Step: Active Listeningپہلا قدم: بات کو غور سے سننا اور مسئلے کی تہ تک پہنچنا</title><location lang="ur">06_30858_ur.html</location><location lang="en">06_30858_en.html</location></activity><activity type="page" order="3" digest="594593f24d1880feb5c1768961c2e9ba30857"><title lang="en">Second Step: Joint Problem Solvingدوسرا  قدم: مل جل کر مسئلے کا حل تلاش کرنا</title><location lang="ur">06_30857_ur.html</location><location lang="en">06_30857_en.html</location></activity><activity type="page" order="4" digest="3e55235774289cc1fef6a9e6e8c5e3b925814"><title lang="en">Third Step: Actionتیسرا  قدم: عملی کام</title><location lang="ur">06_25814_ur.html</location><location lang="en">06_25814_en.html</location></activity></activities></section><section order="7"><title lang="ur"><![CDATA[تین تاخیریں]]></title><title lang="en"><![CDATA[Three Delays]]></title><activities><activity type="page" order="1" digest="f0d1ed6338f647af1a3d1a1885d10e0a25815"><title lang="ur">اہمیت</title><title lang="en">Importance</title><location lang="ur">07_25815_ur.html</location><location lang="en">07_25815_en.html</location></activity><activity type="page" order="2" digest="2cb7b7f51635474200cc4bcf1cd4f14a30859"><title lang="en">First Step: Active Listeningپہلا قدم: بات کو غور سے سننا اور مسئلے کی تہ تک پہنچنا</title><location lang="ur">07_30859_ur.html</location><location lang="en">07_30859_en.html</location></activity><activity type="page" order="3" digest="7d0889310cd991282588afc43ee38a0230860"><title lang="en">Second Step: Joint Problem Solvingدوسرا  قدم: مل جل کر مسئلے کا حل تلاش کرنا</title><location lang="ur">07_30860_ur.html</location><location lang="en">07_30860_en.html</location></activity><activity type="page" order="4" digest="e6c0c444ba486d9b148216c60516367025817"><title lang="en">Third Step: Actionتیسرا  قدم: عملی کام</title><location lang="ur">07_25817_ur.html</location><location lang="en">07_25817_en.html</location></activity></activities></section><section order="8"><title lang="ur"><![CDATA[خطرے کی علامات]]></title><title lang="en"><![CDATA[Danger Signs During Delivery]]></title><activities><activity type="page" order="1" digest="49b17b9156da1552d3ec51c22566f27821387"><title lang="ur">اہمیت</title><title lang="en">Importance</title><location lang="ur">08_21387_ur.html</location><location lang="en">08_21387_en.html</location></activity><activity type="page" order="2" digest="026bbe747cecc3c37c60292f33e9066d30861"><title lang="en">First Step: Active Listeningپہلا قدم: بات کو غور سے سننا اور مسئلے کی تہ تک پہنچنا</title><location lang="ur">08_30861_ur.html</location><location lang="en">08_30861_en.html</location></activity><activity type="page" order="3" digest="0f47f43845712be3de9bbd11a6352d3d30862"><title lang="ur">دوسرا  قدم: مل جل کر مسئلے کا حل تلاش کرنا</title><title lang="en">Second Step: Joint Problem Solving</title><location lang="ur">08_30862_ur.html</location><location lang="en">08_30862_en.html</location></activity><activity type="page" order="4" digest="3fd09246230e132e15de4793207023d321389"><title lang="en">Third Step: Actionتیسرا  قدم: عملی کام</title><location lang="ur">08_21389_ur.html</location><location lang="en">08_21389_en.html</location></activity></activities></section><section order="9"><title lang="ur"><![CDATA[ابتدائی معائنہ]]></title><title lang="en"><![CDATA[Postnatal Care]]></title><activities><activity type="page" order="1" digest="c7c50418f49d21e4061fb9e05ceafea225818"><title lang="ur">اہمیت</title><title lang="en">Importance</title><location lang="ur">09_25818_ur.html</location><location lang="en">09_25818_en.html</location></activity><activity type="page" order="2" digest="cac3b38d939da6d0f61be663a17da9ba30863"><title lang="ur">پہلا قدم: بات کو غور سے سننا اور مسئلے کی تہ تک پہنچنا</title><title lang="en">First Step: Active Listening</title><location lang="ur">09_30863_ur.html</location><location lang="en">09_30863_en.html</location></activity><activity type="page" order="3" digest="8e2b1543bda5e6bab00c2c101098f21c30864"><title lang="en">Second Step: Joint Problem Solvingدوسرا  قدم: مل جل کر مسئلے کا حل تلاش کرنا</title><location lang="ur">09_30864_ur.html</location><location lang="en">09_30864_en.html</location></activity><activity type="page" order="4" digest="5513fc79fadc601de8466a3ca357f80f25823"><title lang="ur">تیسرا  قدم: عملی کام</title><title lang="en">Third Step: Action</title><location lang="ur">09_25823_ur.html</location><location lang="en">09_25823_en.html</location></activity></activities></section><section order="10"><title lang="ur"><![CDATA[پیدائش کے بعد  خطرے کی علامات]]></title><title lang="en"><![CDATA[Danger Signs After Delivery]]></title><activities><activity type="page" order="1" digest="68853d1e7da9a0b603bf1514bbd7746725824"><title lang="ur">اہمیت</title><title lang="en">Importance</title><location lang="ur">10_25824_ur.html</location><location lang="en">10_25824_en.html</location></activity><activity type="page" order="2" digest="7a37d4e040bb6a15e351ef07663a021a30865"><title lang="en">First Step: Active Listeningپہلا قدم: بات کو غور سے سننا اور مسئلے کی تہ تک پہنچنا</title><location lang="ur">10_30865_ur.html</location><location lang="en">10_30865_en.html</location></activity><activity type="page" order="3" digest="86fc610c712c02ed28b30780589cfab930866"><title lang="en">Second Step: Joint Problem Solvingدوسرا  قدم: مل جل کر مسئلے کا حل تلاش کرنا</title><location lang="ur">10_30866_ur.html</location><location lang="en">10_30866_en.html</location></activity><activity type="page" order="4" digest="4784a56d0ccb8582923b7564ace3fbed25826"><title lang="ur">تیسرا  قدم: عملی کام</title><title lang="en">Third Step: Action</title><location lang="ur">10_25826_ur.html</location><location lang="en">10_25826_en.html</location></activity></activities></section><section order="11"><title lang="ur"><![CDATA[پیدائش کے فوراً بعد]]></title><title lang="en"><![CDATA[Neonatal Checkup]]></title><activities><activity type="page" order="1" digest="5ee0677bae691bee93f444c6244e694325827"><title lang="ur">اہمیت</title><title lang="en">Importance</title><location lang="ur">11_25827_ur.html</location><location lang="en">11_25827_en.html</location></activity><activity type="page" order="2" digest="7041242f0ed5e5caff71aaed476d4ff630867"><title lang="ur">پہلا قدم: بات کو غور سے سننا اور مسئلے کی تہ تک پہنچنا</title><title lang="en">First Step: Active Listening</title><location lang="ur">11_30867_ur.html</location><location lang="en">11_30867_en.html</location></activity><activity type="page" order="3" digest="1617ed857ad34a3828f78f277b4a503f30868"><title lang="ur">دوسرا  قدم: مل جل کر مسئلے کا حل تلاش کرنا</title><title lang="en">Second Step: Joint Problem Solving</title><location lang="ur">11_30868_ur.html</location><location lang="en">11_30868_en.html</location></activity><activity type="page" order="4" digest="c224c606cd05a7ff16bdae9e622bedd925829"><title lang="ur">تیسرا  قدم: عملی کام</title><title lang="en">Third Step: Action</title><location lang="ur">11_25829_ur.html</location><location lang="en">11_25829_en.html</location></activity></activities></section><section order="12"><title lang="ur"><![CDATA[خطرے کی علامات]]></title><title lang="en"><![CDATA[Danger Signs for Newborns]]></title><activities><activity type="page" order="1" digest="93e1bd397676724c901281ffa538fad925839"><title lang="ur">اہمیت</title><title lang="en">Importance</title><location lang="ur">12_25839_ur.html</location><location lang="en">12_25839_en.html</location></activity><activity type="page" order="2" digest="54352c47262177f4cd8c8fc324c7a5ba30869"><title lang="ur">پہلا قدم: بات کو غور سے سننا اور مسئلے کی تہ تک پہنچنا</title><title lang="en">First Step: Active Listening</title><location lang="ur">12_30869_ur.html</location><location lang="en">12_30869_en.html</location></activity><activity type="page" order="3" digest="498ce8f81a6d6c2b2118a65c264df02e30870"><title lang="ur">دوسرا  قدم: مل جل کر مسئلے کا حل تلاش کرنا</title><title lang="en">Second Step: Joint Problem Solving</title><location lang="ur">12_30870_ur.html</location><location lang="en">12_30870_en.html</location></activity><activity type="page" order="4" digest="b9729069fa9d020e78b2eb9c10013c7f25841"><title lang="ur">تیسرا  قدم: عملی کام</title><title lang="en">Third Step: Action</title><location lang="ur">12_25841_ur.html</location><location lang="en">12_25841_en.html</location></activity></activities></section><section order="13"><title lang="ur"><![CDATA[ٹھنڈ سے بچاؤ]]></title><title lang="en"><![CDATA[Preventing Hypothermia]]></title><activities><activity type="page" order="1" digest="28460b2df6ddc5ff557f1fa97b3fa9e025842"><title lang="ur">اہمیت</title><title lang="en">Importance</title><location lang="ur">13_25842_ur.html</location><location lang="en">13_25842_en.html</location></activity><activity type="page" order="2" digest="c24f6794146d2b878ac9de75783cdcbc30871"><title lang="ur">پہلا قدم: بات کو غور سے سننا اور مسئلے کی تہ تک پہنچنا</title><title lang="en">First Step: Active Listening</title><location lang="ur">13_30871_ur.html</location><location lang="en">13_30871_en.html</location></activity><activity type="page" order="3" digest="036eac5d3c5f8a2923f5cebb53587bac30874"><title lang="ur">دوسرا  قدم: مل جل کر مسئلے کا حل تلاش کرنا</title><title lang="en">Second Step: Joint Problem Solving</title><location lang="ur">13_30874_ur.html</location><location lang="en">13_30874_en.html</location></activity><activity type="page" order="4" digest="d199624092af6993056ffa3035d8ebaf25844"><title lang="ur">تیسرا  قدم: عملی کام</title><title lang="en">Third Step: Action</title><location lang="ur">13_25844_ur.html</location><location lang="en">13_25844_en.html</location></activity></activities></section><section order="14"><title lang="ur"><![CDATA[پہلی غذا : ماں کا دودھ]]></title><title lang="en"><![CDATA[Early Initiation of Breastfeeding]]></title><activities><activity type="page" order="1" digest="15edba5cceb4cecc1bbcd38e3a449ed625821"><title lang="ur">اہمیت</title><title lang="en">Importance</title><location lang="ur">14_25821_ur.html</location><location lang="en">14_25821_en.html</location></activity><activity type="page" order="2" digest="6e6d9a502c0e72b989e9cd68f3bf7cce30873"><title lang="ur">پہلا قدم: بات کو غور سے سننا اور مسئلے کی تہ تک پہنچنا</title><title lang="en">First Step: Active Listening</title><location lang="ur">14_30873_ur.html</location><location lang="en">14_30873_en.html</location></activity><activity type="page" order="3" digest="1374c60c2533e41a982510ef34f6697630872"><title lang="ur">دوسرا  قدم: مل جل کر مسئلے کا حل تلاش کرنا</title><title lang="en">Second Step: Joint Problem Solving</title><location lang="ur">14_30872_ur.html</location><location lang="en">14_30872_en.html</location></activity><activity type="page" order="4" digest="df3c5200b4ac70eb369d045877767a5825820"><title lang="ur">تیسرا  قدم: عملی کام</title><title lang="en">Third Step: Action</title><location lang="ur">14_25820_ur.html</location><location lang="en">14_25820_en.html</location></activity></activities></section><section order="15"><title lang="ur"><![CDATA[ناڑو کی حفاظت]]></title><title lang="en"><![CDATA[Preventing Newborn Sepsis]]></title><activities><activity type="page" order="1" digest="5ee0677bae691bee93f444c6244e694325850"><title lang="ur">اہمیت</title><title lang="en">Importance</title><location lang="ur">15_25850_ur.html</location><location lang="en">15_25850_en.html</location></activity><activity type="page" order="2" digest="375e2f7e808c2ca08bcd27d7e314a7ff30875"><title lang="ur">پہلا قدم: بات کو غور سے سننا اور مسئلے کی تہ تک پہنچنا</title><title lang="en">First Step: Active Listening</title><location lang="ur">15_30875_ur.html</location><location lang="en">15_30875_en.html</location></activity><activity type="page" order="3" digest="b96ac3ce427c522e7d2ba03d935e673230876"><title lang="ur">دوسرا  قدم: مل جل کر مسئلے کا حل تلاش کرنا</title><title lang="en">Second Step: Joint Problem Solving</title><location lang="ur">15_30876_ur.html</location><location lang="en">15_30876_en.html</location></activity><activity type="page" order="4" digest="e9b71a474e6df34f170bb212b3922f8c25852"><title lang="ur">تیسرا  قدم: عملی کام</title><title lang="en">Third Step: Action</title><location lang="ur">15_25852_ur.html</location><location lang="en">15_25852_en.html</location></activity></activities></section><section order="16"><title lang="ur"><![CDATA[چھ ماہ  تک صرف ماں کا دودھ]]></title><title lang="en"><![CDATA[Exclusive Breastfeeding]]></title><activities><activity type="page" order="1" digest="29327b1ebdb71369b9fa3d239d9f599e25856"><title lang="ur">اہمیت</title><title lang="en">Importance</title><location lang="ur">16_25856_ur.html</location><location lang="en">16_25856_en.html</location></activity><activity type="page" order="2" digest="065434cdefc4137de33a2871ded66f1730877"><title lang="ur">پہلا قدم: بات کو غور سے سننا اور مسئلے کی تہ تک پہنچنا</title><title lang="en">First Step: Active Listening</title><location lang="ur">16_30877_ur.html</location><location lang="en">16_30877_en.html</location></activity><activity type="page" order="3" digest="da05c6e4b6f4f19ff108e9d6af8bd49130879"><title lang="ur">دوسرا  قدم: مل جل کر مسئلے کا حل تلاش کرنا</title><title lang="en">Second Step: Joint Problem Solving</title><location lang="ur">16_30879_ur.html</location><location lang="en">16_30879_en.html</location></activity><activity type="page" order="4" digest="422f562a7b43f77c2465118226b74d1a25858"><title lang="ur">تیسرا  قدم: عملی کام</title><title lang="en">Third Step: Action</title><location lang="ur">16_25858_ur.html</location><location lang="en">16_25858_en.html</location></activity></activities></section><section order="17"><title lang="ur"><![CDATA[Preventing Tetanus
تشنج  سے بچاؤ
]]></title><title lang="en"><![CDATA[Preventing Tetanus
تشنج  سے بچاؤ
]]></title><activities><activity type="page" order="1" digest="7605eda64e421b297eef5c2402db339525846"><title lang="ur">اہمیت</title><title lang="en">Importance</title><location lang="ur">17_25846_ur.html</location><location lang="en">17_25846_en.html</location></activity><activity type="page" order="2" digest="0fab9448027d97ef11fec5ecba98260e30878"><title lang="ur">پہلا قدم: بات کو غور سے سننا اور مسئلے کی تہ تک پہنچنا</title><title lang="en">First Step: Active Listening</title><location lang="ur">17_30878_ur.html</location><location lang="en">17_30878_en.html</location></activity><activity type="page" order="3" digest="5e761eec843bdcf3c493e6962172442c30881"><title lang="ur">دوسرا  قدم: مل جل کر مسئلے کا حل تلاش کرنا</title><title lang="en">Second Step: Joint Problem Solving</title><location lang="ur">17_30881_ur.html</location><location lang="en">17_30881_en.html</location></activity><activity type="page" order="4" digest="5f8fd0a23b558d15830a0e06f308219025861"><title lang="ur">تیسرا  قدم: عملی کام</title><title lang="en">Third Step: Action</title><location lang="ur">17_25861_ur.html</location><location lang="en">17_25861_en.html</location></activity></activities></section><section order="18"><title lang="ur"><![CDATA[حفاظتی ٹیکے]]></title><title lang="en"><![CDATA[Routine Immunization]]></title><activities><activity type="page" order="1" digest="4492a5b55a79da6bce96c18bb85369eb25859"><title lang="ur">اہمیت</title><title lang="en">Importance</title><location lang="ur">18_25859_ur.html</location><location lang="en">18_25859_en.html</location></activity><activity type="page" order="2" digest="b76009e86897206a793b3b5d66b58f2830880"><title lang="ur">پہلا قدم: بات کو غور سے سننا اور مسئلے کی تہ تک پہنچنا</title><title lang="en">First Step: Active Listening</title><location lang="ur">18_30880_ur.html</location><location lang="en">18_30880_en.html</location></activity><activity type="page" order="3" digest="4e2566483609a08265d6841d8f38443d30882"><title lang="ur">دوسرا  قدم: مل جل کر مسئلے کا حل تلاش کرنا</title><title lang="en">Second Step: Joint Problem Solving</title><location lang="ur">18_30882_ur.html</location><location lang="en">18_30882_en.html</location></activity><activity type="page" order="4" digest="b6990120cb82f2eb0488aaef1391855a25848"><title lang="ur">تیسرا  قدم: عملی کام</title><title lang="en">Third Step: Action</title><location lang="ur">18_25848_ur.html</location><location lang="en">18_25848_en.html</location></activity></activities></section><section order="19"><title lang="ur"><![CDATA[اسہال سے بچاؤ]]></title><title lang="en"><![CDATA[Diarrhea Prevention]]></title><activities><activity type="page" order="1" digest="10a99e06b713d90fcb0cb329546cdda721392"><title lang="ur">اہمیت</title><title lang="en">Importance</title><location lang="ur">19_21392_ur.html</location><location lang="en">19_21392_en.html</location></activity><activity type="page" order="2" digest="955b424a724e15bc8a36860587289b2530883"><title lang="en">First Step: Active Listeningپہلا قدم: بات کو غور سے سننا اور مسئلے کی تہ تک پہنچنا</title><location lang="ur">19_30883_ur.html</location><location lang="en">19_30883_en.html</location></activity><activity type="page" order="3" digest="0d9a966a2f37d527c8581534fff5c3b330884"><title lang="en">Second Step: Joint Problem Solvingدوسرا  قدم: مل جل کر مسئلے کا حل تلاش کرنا</title><location lang="ur">19_30884_ur.html</location><location lang="en">19_30884_en.html</location></activity><activity type="page" order="4" digest="26b2de2baa99a54f8dc42773d02bd9e821393"><title lang="en">Third Step: Actionتیسرا  قدم: عملی کام</title><location lang="ur">19_21393_ur.html</location><location lang="en">19_21393_en.html</location></activity></activities></section><section order="20"><title lang="ur"><![CDATA[اسہال کا علاج]]></title><title lang="en"><![CDATA[Diarrhea Treatment]]></title><activities><activity type="page" order="1" digest="1f408e46cd5598e013a78f376e35330e21396"><title lang="ur">اہمیت</title><title lang="en">Importance</title><location lang="ur">20_21396_ur.html</location><location lang="en">20_21396_en.html</location></activity><activity type="page" order="2" digest="ec6b0018bd73b4d49c8f0eafe76ec44a30885"><title lang="en">First Step: Active Listeningپہلا قدم: بات کو غور سے سننا اور مسئلے کی تہ تک پہنچنا</title><location lang="ur">20_30885_ur.html</location><location lang="en">20_30885_en.html</location></activity><activity type="page" order="3" digest="25c7172ae5d5dc0b854039a40b7cb09830886"><title lang="en">Second Step: Joint Problem Solvingدوسرا  قدم: مل جل کر مسئلے کا حل تلاش کرنا</title><location lang="ur">20_30886_ur.html</location><location lang="en">20_30886_en.html</location></activity><activity type="page" order="4" digest="96ddd94d7a95c7ec93f7c01f06043d0d21397"><title lang="en">Third Step: Actionتیسرا  قدم: عملی کام</title><location lang="ur">20_21397_ur.html</location><location lang="en">20_21397_en.html</location></activity></activities></section><section order="21"><title lang="ur"><![CDATA[سانس کی بیماریاں]]></title><title lang="en"><![CDATA[Acute Respiratory Infection]]></title><activities><activity type="page" order="1" digest="80b76a82fe3fbcb86be7d8343c58863125863"><title lang="ur">اہمیت</title><title lang="en">Importance</title><location lang="ur">21_25863_ur.html</location><location lang="en">21_25863_en.html</location></activity><activity type="page" order="2" digest="625e15b8626889fb5da8727c9e0c55fe30887"><title lang="en">First Step: Active Listeningپہلا قدم: بات کو غور سے سننا اور مسئلے کی تہ تک پہنچنا</title><location lang="ur">21_30887_ur.html</location><location lang="en">21_30887_en.html</location></activity><activity type="page" order="3" digest="dd56da923a53aef4c5bbc9bae86327cc30888"><title lang="en">Second Step: Joint Problem Solvingدوسرا  قدم: مل جل کر مسئلے کا حل تلاش کرنا</title><location lang="ur">21_30888_ur.html</location><location lang="en">21_30888_en.html</location></activity><activity type="page" order="4" digest="a171930582ee05b5e928aaed4e49508a25866"><title lang="en">Third Step: Actionتیسرا  قدم: عملی کام</title><location lang="ur">21_25866_ur.html</location><location lang="en">21_25866_en.html</location></activity></activities></section><section order="22"><title lang="ur"><![CDATA[غذائی کمی]]></title><title lang="en"><![CDATA[Acute Malnutrition]]></title><activities><activity type="page" order="1" digest="4d736363c2fdd7bbcc8fd60571b6cb3825862"><title lang="ur">اہمیت</title><title lang="en">Importance</title><location lang="ur">22_25862_ur.html</location><location lang="en">22_25862_en.html</location></activity><activity type="page" order="2" digest="32ad5da9cb648cf2087a5cb28cd0319330889"><title lang="en">First Step: Active Listeningپہلا قدم: بات کو غور سے سننا اور مسئلے کی تہ تک پہنچنا</title><location lang="ur">22_30889_ur.html</location><location lang="en">22_30889_en.html</location></activity><activity type="page" order="3" digest="669259bf1ce79c3055937241ec85069630890"><title lang="en">Second Step: Joint Problem Solvingدوسرا  قدم: مل جل کر مسئلے کا حل تلاش کرنا</title><location lang="ur">22_30890_ur.html</location><location lang="en">22_30890_en.html</location></activity><activity type="page" order="4" digest="18fea1c9a887dbcf087a7ab753ecd2fc25867"><title lang="ur">تیسرا  قدم: عملی کام</title><title lang="en">Third Step: Action</title><location lang="ur">22_25867_ur.html</location><location lang="en">22_25867_en.html</location></activity></activities></section></structure><media><file filename="neg2.3gp" download_url="http://downloads.digital-campus.org/media/bright-future/neg2.3gp" digest="12e8afa21e6b1747df66a2e093f23a27" filesize="5712559" length="120"/><file filename="pos2.3gp" download_url="http://downloads.digital-campus.org/media/bright-future/pos2.3gp" digest="a3b9bcc09682b7fde251703ec0bee04e" filesize="8259812" length="175"/><file filename="neg3.3gp" download_url="http://downloads.digital-campus.org/media/bright-future/neg3.3gp" digest="178386126a40b89f287a97a9374bab49" filesize="6002317" length="126"/><file filename="pos3.3gp" download_url="http://downloads.digital-campus.org/media/bright-future/pos3.3gp" digest="5bf08c202f1312480feaad3ff1fbfe38" filesize="5256097" length="111"/></media></module>
