<?xml version="1.0" encoding="UTF-8"?>
<module><meta><versionid>20160926095827</versionid><priority>10</priority><server>http://52.17.123.50/</server><sequencing>none</sequencing><tags>IPC-Toolkit,IPC,Introduction</tags><title lang="ur">آئی پی سی ٹولکِٹ کا تعارف</title><title lang="en">Intro to IPC Toolkit</title><shortname>ipc-toolkit</shortname><description lang="en"></description><langs><lang>ur</lang><lang>en</lang><lang>AR_SA</lang></langs></meta><structure><section order="1"><title lang="ur"><![CDATA[آئی پی سی ٹولکِٹ کا تعارف]]></title><title lang="en"><![CDATA[Intro to IPC Toolkit]]></title><activities><activity type="page" order="1" digest="5e7c983c480bad47a3bae03dd3719f2721443"><title lang="ur">تعارف</title><title lang="en">Introduction</title><location lang="ur">01_21443_ur.html</location><location lang="en">01_21443_en.html</location></activity><activity type="page" order="2" digest="f843ad8a8cfd3093d0a40d623b6c72b721444"><title lang="ur">اہمیت</title><title lang="en">Importance</title><location lang="AR_SA">01_21444_ar_sa.html</location><location lang="ur">01_21444_ur.html</location><location lang="en">01_21444_en.html</location></activity><activity type="page" order="3" digest="95fae00cfa6444c5ccdee24c9b4f79a021445"><title lang="ur">وزٹ کے مقاصد</title><title lang="en">Purpose of Visit</title><location lang="AR_SA">01_21445_ar_sa.html</location><location lang="ur">01_21445_ur.html</location><location lang="en">01_21445_en.html</location></activity><activity type="page" order="4" digest="3427c840d7e4d3afd3218c395b63c78521446"><title lang="ur">بات کو غور سے سننا اور مسئلے کی تہہ تک پہنچنا</title><title lang="en">Step 1: Listen and Identify the Problem</title><location lang="AR_SA">01_21446_ar_sa.html</location><location lang="ur">01_21446_ur.html</location><location lang="en">01_21446_en.html</location></activity><activity type="page" order="5" digest="26651deba99711f1be47dd91b492934621447"><title lang="ur">دوسرا قدم : مسئلے کا حل تلاش کرنا</title><title lang="en">Step 2: Finding a Solution</title><location lang="AR_SA">01_21447_ar_sa.html</location><location lang="ur">01_21447_ur.html</location><location lang="en">01_21447_en.html</location></activity><activity type="page" order="6" digest="4fe8c1311c02bf8560050a74c6ead4ed21448"><title lang="ur">تیسرا قدم : عملی کام</title><title lang="en">Step 3: Homework</title><location lang="AR_SA">01_21448_ar_sa.html</location><location lang="ur">01_21448_ur.html</location><location lang="en">01_21448_en.html</location></activity></activities></section></structure></module>
