<?xml version="1.0" encoding="UTF-8"?>
<module><meta><versionid>20160929080608</versionid><priority>10</priority><server>http://52.17.123.50/</server><sequencing>none</sequencing><tags>IPC-Toolkit,IPC,Introduction</tags><title lang="ur">آئی پی سی ٹولکِٹ کا تعارف</title><title lang="en">Intro to IPC Toolkit</title><shortname>ipc-toolkit</shortname><description lang="en"></description><langs><lang>ur</lang><lang>en</lang></langs></meta><structure><section order="1"><title lang="ur"><![CDATA[آئی پی سی ٹولکِٹ کا تعارف]]></title><title lang="en"><![CDATA[Intro to IPC Toolkit]]></title><activities><activity type="page" order="1" digest="ac1ef47aca0f855ad14dd479ccfbbea021443"><title lang="ur">تعارف</title><title lang="en">Introduction</title><location lang="en">01_21443_en.html</location></activity><activity type="page" order="2" digest="e51624a73a374542fcd476ac65164f7021444"><title lang="ur">اہمیت</title><title lang="en">Importance</title><location lang="en">01_21444_en.html</location></activity><activity type="page" order="3" digest="bb8fda84b8dfb8e2133026bf3d02c7bd21445"><title lang="ur">وزٹ کے مقاصد</title><title lang="en">Purpose of Visit</title><location lang="en">01_21445_en.html</location></activity><activity type="page" order="4" digest="94ee28323e0a023c8bd4143bdd73ca1721446"><title lang="ur">بات کو غور سے سننا اور مسئلے کی تہہ تک پہنچنا</title><title lang="en">Step 1: Listen and Identify the Problem</title><location lang="en">01_21446_en.html</location></activity><activity type="page" order="5" digest="1f93978d033d9816b99ce8df6dabcc0621447"><title lang="ur">دوسرا قدم : مسئلے کا حل تلاش کرنا</title><title lang="en">Step 2: Finding a Solution</title><location lang="en">01_21447_en.html</location></activity><activity type="page" order="6" digest="7d65a27af1516751cb1dc5a3a4aa7e4021448"><title lang="ur">تیسرا قدم : عملی کام</title><title lang="en">Step 3: Homework</title><location lang="en">01_21448_en.html</location></activity></activities></section></structure></module>
