<?xml version="1.0" encoding="UTF-8"?>
<module><meta><versionid>20160916091520</versionid><priority>6</priority><server>http://52.17.123.50/</server><sequencing>none</sequencing><tags/><title lang="ur">موبائل کے زریعے مشاورت</title><title lang="en">mCounseling</title><shortname>mcounseling</shortname><description lang="en"></description><langs><lang>ur</lang><lang>en</lang><lang>sd</lang></langs></meta><structure><section order="1"><title lang="sd"><![CDATA[پیدائش میں وقفہ]]></title><title lang="ur"><![CDATA[پــــيــــدائــــش ۾ وقــــفــو]]></title><title lang="en"><![CDATA[Birth Spacing]]></title><activities><activity type="page" order="1" digest="af64e3b8f5c5aa2a9fd987b79fffca1c21391"><title lang="ur">اہمیت</title><title lang="en">Importance</title><location lang="ur">01_21391_ur.html</location><location lang="en">01_21391_en.html</location></activity><activity type="page" order="2" digest="7815650e4f1ffb4246612bd97da0981230845"><title lang="sd">پهريون قدم: ڳالهه ٻڌڻ ۽ مسئلي جي تهه تا ئين پهچڻ</title><title lang="ur">پہلا قدم: بات کو غور سے سننا اور مسئلے کی تہ تک پہنچنا</title><title lang="en">First Step: Active Listening</title><location lang="sd">01_30845_sd.html</location><location lang="ur">01_30845_ur.html</location><location lang="en">01_30845_en.html</location></activity><activity type="page" order="3" digest="80a378dc1c7a54a7c30cb93a84528fc630846"><title lang="sd">ٻيو قدم:  گڏ جي مسئلي جو حل ڳولهڻ.</title><title lang="ur">دوسرا  قدم: مل جل کر مسئلے کا حل تلاش کرنا</title><title lang="en">Second Step: Joint Problem Solving</title><location lang="sd">01_30846_sd.html</location><location lang="ur">01_30846_ur.html</location><location lang="en">01_30846_en.html</location></activity><activity type="page" order="4" digest="7604df09098edffeb3ce87179ac4532b21384"><title lang="sd">ٽيون قدم:  عملي ڪم</title><title lang="ur">تیسرا  قدم: عملی کام</title><title lang="en">Third Step: Action</title><location lang="sd">01_21384_sd.html</location><location lang="ur">01_21384_ur.html</location><location lang="en">01_21384_en.html</location></activity></activities></section><section order="2"><title lang="sd"><![CDATA[حمل دوران معائنو ڪرائڻ]]></title><title lang="ur"><![CDATA[دوران حمل معائنہ]]></title><title lang="en"><![CDATA[Antenatal Care Visits]]></title><activities><activity type="page" order="1" digest="58cecd622ef56b1e76b4aac807eb4e5421370"><title lang="ur">اہمیت</title><title lang="en">Importance</title><location lang="ur">02_21370_ur.html</location><location lang="en">02_21370_en.html</location></activity><activity type="page" order="2" digest="18c5fae3ffa9ee3bcbfebeb8d69c564930847"><title lang="sd">پهريون قدم: ڳالهه ٻڌڻ ۽ مسئلي جي تهه تا ئين پهچڻ</title><title lang="ur">پہلا قدم: بات کو غور سے سننا اور مسئلے کی تہ تک پہنچنا</title><title lang="en">First Step: Active Listening</title><location lang="sd">02_30847_sd.html</location><location lang="ur">02_30847_ur.html</location><location lang="en">02_30847_en.html</location></activity><activity type="page" order="3" digest="e3491618aafc4c70e36f440fb1dbcafa30848"><title lang="sd">ٻيو قدم:  گڏ جي مسئلي جو حل ڳولهڻ.</title><title lang="ur">دوسرا  قدم: مل جل کر مسئلے کا حل تلاش کرنا</title><title lang="en">Second Step: Joint Problem Solving</title><location lang="sd">02_30848_sd.html</location><location lang="ur">02_30848_ur.html</location><location lang="en">02_30848_en.html</location></activity><activity type="page" order="4" digest="4c3b5263183f1ea8eb492b9a69dc6d2930852"><title lang="sd">ٽيون قدم:  عملي ڪم</title><title lang="ur">تیسرا  قدم: عملی کام</title><title lang="en">Third Step: Action</title><location lang="sd">02_30852_sd.html</location><location lang="ur">02_30852_ur.html</location><location lang="en">02_30852_en.html</location></activity></activities></section><section order="3"><title lang="ur"><![CDATA[Antenatal Check Up Details]]></title><title lang="en"><![CDATA[Antenatal Check Up Details]]></title><activities><activity type="page" order="1" digest="f8bf54ea2a27e7ff33e46a53db86707425803"><title lang="ur">اہمیت</title><title lang="en">Importance</title><location lang="ur">03_25803_ur.html</location><location lang="en">03_25803_en.html</location></activity><activity type="page" order="2" digest="ebbd6d997c5fb3de79d5fbdca2c94ada30849"><title lang="sd">پهريون قدم: ڳالهه ٻڌڻ ۽ مسئلي جي تهه تا ئين پهچڻ</title><title lang="ur">پہلا قدم: بات کو غور سے سننا اور مسئلے کی تہ تک پہنچنا</title><title lang="en">First Step: Active Listening</title><location lang="sd">03_30849_sd.html</location><location lang="ur">03_30849_ur.html</location><location lang="en">03_30849_en.html</location></activity><activity type="page" order="3" digest="ca6fba34cfc3106f6c6e98057ac8c4e330851"><title lang="sd">ٻيو قدم:  گڏ جي مسئلي جو حل ڳولهڻ.</title><title lang="ur">دوسرا  قدم: مل جل کر مسئلے کا حل تلاش کرنا</title><title lang="en">Second Step: Joint Problem Solving</title><location lang="sd">03_30851_sd.html</location><location lang="ur">03_30851_ur.html</location><location lang="en">03_30851_en.html</location></activity><activity type="page" order="4" digest="e8b22dd93dbc645c131210c377a00f0e25808"><title lang="sd">ٽيون قدم:  عملي ڪم</title><title lang="ur">تیسرا  قدم: عملی کام</title><title lang="en">Third Step: Action</title><location lang="sd">03_25808_sd.html</location><location lang="ur">03_25808_ur.html</location><location lang="en">03_25808_en.html</location></activity></activities></section><section order="4"><title lang="ur"><![CDATA[Food, Folic Acid and Iron
]]></title><title lang="en"><![CDATA[Food, Folic Acid and Iron
]]></title><activities><activity type="page" order="1" digest="f3f66f76e5187618e32501ef334ad16f25806"><title lang="ur">اہمیت</title><title lang="en">Importance</title><location lang="ur">04_25806_ur.html</location><location lang="en">04_25806_en.html</location></activity><activity type="page" order="2" digest="a0b57fcaa44206e1fd73df1d827129fd30854"><title lang="sd">پهريون قدم: ڳالهه ٻڌڻ ۽ مسئلي جي تهه تا ئين پهچڻ</title><title lang="ur">پہلا قدم: بات کو غور سے سننا اور مسئلے کی تہ تک پہنچنا</title><title lang="en">First Step: Active Listening</title><location lang="sd">04_30854_sd.html</location><location lang="ur">04_30854_ur.html</location><location lang="en">04_30854_en.html</location></activity><activity type="page" order="3" digest="c4a5c7d264c03435bac1e08fa42916bc30855"><title lang="sd">ٻيو قدم:  گڏ جي مسئلي جو حل ڳولهڻ.</title><title lang="ur">دوسرا  قدم: مل جل کر مسئلے کا حل تلاش کرنا</title><title lang="en">Second Step: Joint Problem Solving</title><location lang="sd">04_30855_sd.html</location><location lang="ur">04_30855_ur.html</location><location lang="en">04_30855_en.html</location></activity><activity type="page" order="4" digest="37f85ff547a18a1c920daac33879825625805"><title lang="sd">ٽيون قدم:  عملي ڪم</title><title lang="ur">تیسرا  قدم: عملی کام</title><title lang="en">Third Step: Action</title><location lang="sd">04_25805_sd.html</location><location lang="ur">04_25805_ur.html</location><location lang="en">04_25805_en.html</location></activity></activities></section><section order="5"><title lang="sd"><![CDATA[حمل جي دوران خطري جون نشانيون]]></title><title lang="ur"><![CDATA[دوران حمل خطرے کی علامات]]></title><title lang="en"><![CDATA[Danger Signs During Pregnancy]]></title><activities><activity type="page" order="1" digest="6ecb9af97bfc788664a1da3f54cab13025809"><title lang="ur">اہمیت</title><title lang="en">Importance</title><location lang="ur">05_25809_ur.html</location><location lang="en">05_25809_en.html</location></activity><activity type="page" order="2" digest="423edd97cb253f796e5e3eb4547f338e30856"><title lang="sd">پهريون قدم: ڳالهه ٻڌڻ ۽ مسئلي جي تهه تا ئين پهچڻ</title><title lang="ur">پہلا قدم: بات کو غور سے سننا اور مسئلے کی تہ تک پہنچنا</title><title lang="en">First Step: Active Listening</title><location lang="sd">05_30856_sd.html</location><location lang="ur">05_30856_ur.html</location><location lang="en">05_30856_en.html</location></activity><activity type="page" order="3" digest="eb735fa6e67fe6287223bfef311f495a30850"><title lang="sd">ٻيو قدم:  گڏ جي مسئلي جو حل ڳولهڻ.</title><title lang="ur">دوسرا  قدم: مل جل کر مسئلے کا حل تلاش کرنا</title><title lang="en">Second Step: Joint Problem Solving</title><location lang="sd">05_30850_sd.html</location><location lang="ur">05_30850_ur.html</location><location lang="en">05_30850_en.html</location></activity><activity type="page" order="4" digest="113e5163c8c36c0de04a0fbfe0154b3425811"><title lang="sd">ٽيون قدم:  عملي ڪم</title><title lang="ur">تیسرا  قدم: عملی کام</title><title lang="en">Third Step: Action</title><location lang="sd">05_25811_sd.html</location><location lang="ur">05_25811_ur.html</location><location lang="en">05_25811_en.html</location></activity></activities></section><section order="6"><title lang="sd"><![CDATA[تربيت يافته ويم ڪرائڻ واري جي اهميت]]></title><title lang="ur"><![CDATA[ماہرِزچگی کی اہمیت]]></title><title lang="en"><![CDATA[Importance of Skilled Birth Attendant]]></title><activities><activity type="page" order="1" digest="8aabda1e3fc8a97f1962edc7a76a847f25812"><title lang="ur">اہمیت</title><title lang="en">Importance</title><location lang="ur">06_25812_ur.html</location><location lang="en">06_25812_en.html</location></activity><activity type="page" order="2" digest="f3a9d159fcc1ca34409484991011ade130858"><title lang="sd">پهريون قدم: ڳالهه ٻڌڻ ۽ مسئلي جي تهه تا ئين پهچڻ</title><title lang="ur">پہلا قدم: بات کو غور سے سننا اور مسئلے کی تہ تک پہنچنا</title><title lang="en">First Step: Active Listening</title><location lang="sd">06_30858_sd.html</location><location lang="ur">06_30858_ur.html</location><location lang="en">06_30858_en.html</location></activity><activity type="page" order="3" digest="b56536b12d60c5b904e7c988a16c263d30857"><title lang="sd">ٻيو قدم:  گڏ جي مسئلي جو حل ڳولهڻ.</title><title lang="ur">دوسرا  قدم: مل جل کر مسئلے کا حل تلاش کرنا</title><title lang="en">Second Step: Joint Problem Solving</title><location lang="sd">06_30857_sd.html</location><location lang="ur">06_30857_ur.html</location><location lang="en">06_30857_en.html</location></activity><activity type="page" order="4" digest="0eb15b07419cb8d6c7b1de6bc7d8286525814"><title lang="sd">ٽيون قدم:  عملي ڪم</title><title lang="ur">تیسرا  قدم: عملی کام</title><title lang="en">Third Step: Action</title><location lang="sd">06_25814_sd.html</location><location lang="ur">06_25814_ur.html</location><location lang="en">06_25814_en.html</location></activity></activities></section><section order="7"><title lang="sd"><![CDATA[ٽن موقعن تي دير ڪرڻ]]></title><title lang="ur"><![CDATA[تین تاخیریں]]></title><title lang="en"><![CDATA[Three Delays]]></title><activities><activity type="page" order="1" digest="f0d1ed6338f647af1a3d1a1885d10e0a25815"><title lang="ur">اہمیت</title><title lang="en">Importance</title><location lang="ur">07_25815_ur.html</location><location lang="en">07_25815_en.html</location></activity><activity type="page" order="2" digest="4cfbb0a1ef9a54b957d26ae0eff09b9e30859"><title lang="sd">پهريون قدم: ڳالهه ٻڌڻ ۽ مسئلي جي تهه تا ئين پهچڻ</title><title lang="ur">پہلا قدم: بات کو غور سے سننا اور مسئلے کی تہ تک پہنچنا</title><title lang="en">First Step: Active Listening</title><location lang="sd">07_30859_sd.html</location><location lang="ur">07_30859_ur.html</location><location lang="en">07_30859_en.html</location></activity><activity type="page" order="3" digest="fa9732d2a4579155f80e6b443a4ea28730860"><title lang="sd">ٻيو قدم:  گڏ جي مسئلي جو حل ڳولهڻ.</title><title lang="ur">دوسرا  قدم: مل جل کر مسئلے کا حل تلاش کرنا</title><title lang="en">Second Step: Joint Problem Solving</title><location lang="sd">07_30860_sd.html</location><location lang="ur">07_30860_ur.html</location><location lang="en">07_30860_en.html</location></activity><activity type="page" order="4" digest="ff02e0a71e4d155af4cbbea129964f9e25817"><title lang="ur">ٽيون قدم:  عملي ڪم</title><title lang="en">Third Step: Action</title><location lang="sd">07_25817_sd.html</location><location lang="ur">07_25817_ur.html</location><location lang="en">07_25817_en.html</location></activity></activities></section><section order="8"><title lang="sd"><![CDATA[ويم دوران خطري جون نشانيون]]></title><title lang="ur"><![CDATA[خطرے کی علامات]]></title><title lang="en"><![CDATA[Danger Signs During Delivery]]></title><activities><activity type="page" order="1" digest="49b17b9156da1552d3ec51c22566f27821387"><title lang="ur">اہمیت</title><title lang="en">Importance</title><location lang="ur">08_21387_ur.html</location><location lang="en">08_21387_en.html</location></activity><activity type="page" order="2" digest="bff7a17aa7621c91d586f0188b19515c30861"><title lang="sd">پهريون قدم: ڳالهه ٻڌڻ ۽ مسئلي جي تهه تا ئين پهچڻ</title><title lang="ur">پہلا قدم: بات کو غور سے سننا اور مسئلے کی تہ تک پہنچنا</title><title lang="en">First Step: Active Listening</title><location lang="sd">08_30861_sd.html</location><location lang="ur">08_30861_ur.html</location><location lang="en">08_30861_en.html</location></activity><activity type="page" order="3" digest="84c36517d12d35c03ea39318808aa05c30862"><title lang="sd">ٻيو قدم:  گڏ جي مسئلي جو حل ڳولهڻ.</title><title lang="ur">دوسرا  قدم: مل جل کر مسئلے کا حل تلاش کرنا</title><title lang="en">Second Step: Joint Problem Solving</title><location lang="sd">08_30862_sd.html</location><location lang="ur">08_30862_ur.html</location><location lang="en">08_30862_en.html</location></activity><activity type="page" order="4" digest="9bd3258e301200a21a0899fae95e83ec21389"><title lang="sd">ٽيون قدم:  عملي ڪم</title><title lang="ur">تیسرا  قدم: عملی کام</title><title lang="en">Third Step: Action</title><location lang="sd">08_21389_sd.html</location><location lang="ur">08_21389_ur.html</location><location lang="en">08_21389_en.html</location></activity></activities></section><section order="9"><title lang="sd"><![CDATA[پيدائش کان پوءِ شروعاتي معائنو]]></title><title lang="ur"><![CDATA[ابتدائی معائنہ]]></title><title lang="en"><![CDATA[Postnatal Care]]></title><activities><activity type="page" order="1" digest="c7c50418f49d21e4061fb9e05ceafea225818"><title lang="ur">اہمیت</title><title lang="en">Importance</title><location lang="ur">09_25818_ur.html</location><location lang="en">09_25818_en.html</location></activity><activity type="page" order="2" digest="3d2765b133b8a74791f573dfea4489a230863"><title lang="ur">پهريون قدم: ڳالهه ٻڌڻ ۽ مسئلي جي تهه تا ئين پهچڻ</title><title lang="en">First Step: Active Listening</title><location lang="sd">09_30863_sd.html</location><location lang="ur">09_30863_ur.html</location><location lang="en">09_30863_en.html</location></activity><activity type="page" order="3" digest="2a80f202d9391a1b5f357d7d83fd91cc30864"><title lang="ur">ٻيو قدم:  گڏ جي مسئلي جو حل ڳولهڻ.</title><title lang="en">Second Step: Joint Problem Solving</title><location lang="sd">09_30864_sd.html</location><location lang="ur">09_30864_ur.html</location><location lang="en">09_30864_en.html</location></activity><activity type="page" order="4" digest="34863f6dad0150402e5a71669c411df825823"><title lang="ur">ٽيون قدم:  عملي ڪم</title><title lang="en">Third Step: Action</title><location lang="sd">09_25823_sd.html</location><location lang="ur">09_25823_ur.html</location><location lang="en">09_25823_en.html</location></activity></activities></section><section order="10"><title lang="sd"><![CDATA[خطري جون نشانيون]]></title><title lang="ur"><![CDATA[پیدائش کے بعد  خطرے کی علامات]]></title><title lang="en"><![CDATA[Danger Signs After Delivery]]></title><activities><activity type="page" order="1" digest="68853d1e7da9a0b603bf1514bbd7746725824"><title lang="ur">اہمیت</title><title lang="en">Importance</title><location lang="ur">10_25824_ur.html</location><location lang="en">10_25824_en.html</location></activity><activity type="page" order="2" digest="d13489f476724f45dd820939d46f295e30865"><title lang="sd">پهريون قدم: ڳالهه ٻڌڻ ۽ مسئلي جي تهه تا ئين پهچڻ</title><title lang="ur">پہلا قدم: بات کو غور سے سننا اور مسئلے کی تہ تک پہنچنا</title><title lang="en">First Step: Active Listening</title><location lang="sd">10_30865_sd.html</location><location lang="ur">10_30865_ur.html</location><location lang="en">10_30865_en.html</location></activity><activity type="page" order="3" digest="82a4d03b2fd8e15ba210e2f64a599bd730866"><title lang="sd">ٻيو قدم:  گڏ جي مسئلي جو حل ڳولهڻ.</title><title lang="ur">دوسرا  قدم: مل جل کر مسئلے کا حل تلاش کرنا</title><title lang="en">Second Step: Joint Problem Solving</title><location lang="sd">10_30866_sd.html</location><location lang="ur">10_30866_ur.html</location><location lang="en">10_30866_en.html</location></activity><activity type="page" order="4" digest="f2612e723c3224497be4d0e98b10f66e25826"><title lang="sd">ٽيون قدم:  عملي ڪم</title><title lang="ur">تیسرا  قدم: عملی کام</title><title lang="en">Third Step: Action</title><location lang="sd">10_25826_sd.html</location><location lang="ur">10_25826_ur.html</location><location lang="en">10_25826_en.html</location></activity></activities></section><section order="11"><title lang="sd"><![CDATA[پيدائش کان يڪدم پوءِ]]></title><title lang="ur"><![CDATA[پیدائش کے فوراً بعد]]></title><title lang="en"><![CDATA[Neonatal Checkup]]></title><activities><activity type="page" order="1" digest="5ee0677bae691bee93f444c6244e694325827"><title lang="ur">اہمیت</title><title lang="en">Importance</title><location lang="ur">11_25827_ur.html</location><location lang="en">11_25827_en.html</location></activity><activity type="page" order="2" digest="dfed46e28c01acbbb67330e30174a28730867"><title lang="sd">پهريون قدم: ڳالهه ٻڌڻ ۽ مسئلي جي تهه تا ئين پهچڻ</title><title lang="ur">پہلا قدم: بات کو غور سے سننا اور مسئلے کی تہ تک پہنچنا</title><title lang="en">First Step: Active Listening</title><location lang="sd">11_30867_sd.html</location><location lang="ur">11_30867_ur.html</location><location lang="en">11_30867_en.html</location></activity><activity type="page" order="3" digest="1cc273cfda0f85a65407b9a36d5d9e8530868"><title lang="sd">ٻيو قدم:  گڏ جي مسئلي جو حل ڳولهڻ.</title><title lang="ur">دوسرا  قدم: مل جل کر مسئلے کا حل تلاش کرنا</title><title lang="en">Second Step: Joint Problem Solving</title><location lang="sd">11_30868_sd.html</location><location lang="ur">11_30868_ur.html</location><location lang="en">11_30868_en.html</location></activity><activity type="page" order="4" digest="7853dd95b2a18d42018b6743d61527fa25829"><title lang="sd">ٽيون قدم:  عملي ڪم</title><title lang="ur">تیسرا  قدم: عملی کام</title><title lang="en">Third Step: Action</title><location lang="sd">11_25829_sd.html</location><location lang="ur">11_25829_ur.html</location><location lang="en">11_25829_en.html</location></activity></activities></section><section order="12"><title lang="sd"><![CDATA[نئين ڄاول ٻار ۾خطري جون نشانيون]]></title><title lang="ur"><![CDATA[خطرے کی علامات]]></title><title lang="en"><![CDATA[Danger Signs for Newborns]]></title><activities><activity type="page" order="1" digest="93e1bd397676724c901281ffa538fad925839"><title lang="ur">اہمیت</title><title lang="en">Importance</title><location lang="ur">12_25839_ur.html</location><location lang="en">12_25839_en.html</location></activity><activity type="page" order="2" digest="da9253e4e1b3ff102930a7e85627e38f30869"><title lang="sd">پهريون قدم: ڳالهه ٻڌڻ ۽ مسئلي جي تهه تا ئين پهچڻ</title><title lang="ur">پہلا قدم: بات کو غور سے سننا اور مسئلے کی تہ تک پہنچنا</title><title lang="en">First Step: Active Listening</title><location lang="sd">12_30869_sd.html</location><location lang="ur">12_30869_ur.html</location><location lang="en">12_30869_en.html</location></activity><activity type="page" order="3" digest="498ce8f81a6d6c2b2118a65c264df02e30870"><title lang="ur">دوسرا  قدم: مل جل کر مسئلے کا حل تلاش کرنا</title><title lang="en">Second Step: Joint Problem Solving</title><location lang="ur">12_30870_ur.html</location><location lang="en">12_30870_en.html</location></activity><activity type="page" order="4" digest="31fd4c8b6fa56d012fbf8ab46e01b9fe25841"><title lang="sd">ٽيون قدم:  عملي ڪم</title><title lang="ur">تیسرا  قدم: عملی کام</title><title lang="en">Third Step: Action</title><location lang="sd">12_25841_sd.html</location><location lang="ur">12_25841_ur.html</location><location lang="en">12_25841_en.html</location></activity></activities></section><section order="13"><title lang="sd"><![CDATA[ٿڌ کان بچاء]]></title><title lang="ur"><![CDATA[ٹھنڈ سے بچاؤ]]></title><title lang="en"><![CDATA[Preventing Hypothermia]]></title><activities><activity type="page" order="1" digest="28460b2df6ddc5ff557f1fa97b3fa9e025842"><title lang="ur">اہمیت</title><title lang="en">Importance</title><location lang="ur">13_25842_ur.html</location><location lang="en">13_25842_en.html</location></activity><activity type="page" order="2" digest="f9bd9f4fa95b964b7bfaac4a58291ce130871"><title lang="sd">پهريون قدم: ڳالهه ٻڌڻ ۽ مسئلي جي تهه تا ئين پهچڻ</title><title lang="ur">پہلا قدم: بات کو غور سے سننا اور مسئلے کی تہ تک پہنچنا</title><title lang="en">First Step: Active Listening</title><location lang="sd">13_30871_sd.html</location><location lang="ur">13_30871_ur.html</location><location lang="en">13_30871_en.html</location></activity><activity type="page" order="3" digest="40fc05081a8d7fea7dfa00eba333a97c30874"><title lang="sd">ٻيو قدم:  گڏ جي مسئلي جو حل ڳولهڻ.</title><title lang="ur">دوسرا  قدم: مل جل کر مسئلے کا حل تلاش کرنا</title><title lang="en">Second Step: Joint Problem Solving</title><location lang="sd">13_30874_sd.html</location><location lang="ur">13_30874_ur.html</location><location lang="en">13_30874_en.html</location></activity><activity type="page" order="4" digest="04acce9b8893822b385421d6ee54aac125844"><title lang="sd">ٽيون قدم:  عملي ڪم</title><title lang="ur">تیسرا  قدم: عملی کام</title><title lang="en">Third Step: Action</title><location lang="sd">13_25844_sd.html</location><location lang="ur">13_25844_ur.html</location><location lang="en">13_25844_en.html</location></activity></activities></section><section order="14"><title lang="sd"><![CDATA[پهرين غذا : ماءُ جو کير]]></title><title lang="ur"><![CDATA[پہلی غذا : ماں کا دودھ]]></title><title lang="en"><![CDATA[Early Initiation of Breastfeeding]]></title><activities><activity type="page" order="1" digest="15edba5cceb4cecc1bbcd38e3a449ed625821"><title lang="ur">اہمیت</title><title lang="en">Importance</title><location lang="ur">14_25821_ur.html</location><location lang="en">14_25821_en.html</location></activity><activity type="page" order="2" digest="773de7bf9f561f6e26f9d48013aa196130873"><title lang="sd">پهريون قدم: ڳالهه ٻڌڻ ۽ مسئلي جي تهه تا ئين پهچڻ</title><title lang="ur">پہلا قدم: بات کو غور سے سننا اور مسئلے کی تہ تک پہنچنا</title><title lang="en">First Step: Active Listening</title><location lang="sd">14_30873_sd.html</location><location lang="ur">14_30873_ur.html</location><location lang="en">14_30873_en.html</location></activity><activity type="page" order="3" digest="b4bca18b787ce96086a23a725f95e32630872"><title lang="sd">ٻيو قدم:  گڏ جي مسئلي جو حل ڳولهڻ.</title><title lang="ur">دوسرا  قدم: مل جل کر مسئلے کا حل تلاش کرنا</title><title lang="en">Second Step: Joint Problem Solving</title><location lang="sd">14_30872_sd.html</location><location lang="ur">14_30872_ur.html</location><location lang="en">14_30872_en.html</location></activity><activity type="page" order="4" digest="bf6c2be5ff14eb291076d0b0b0d490d025820"><title lang="sd">ٽيون قدم:  عملي ڪم</title><title lang="ur">تیسرا  قدم: عملی کام</title><title lang="en">Third Step: Action</title><location lang="sd">14_25820_sd.html</location><location lang="ur">14_25820_ur.html</location><location lang="en">14_25820_en.html</location></activity></activities></section><section order="15"><title lang="sd"><![CDATA[ناڙي جي حفاظت]]></title><title lang="ur"><![CDATA[ناڑو کی حفاظت]]></title><title lang="en"><![CDATA[Preventing Newborn Sepsis]]></title><activities><activity type="page" order="1" digest="5ee0677bae691bee93f444c6244e694325850"><title lang="ur">اہمیت</title><title lang="en">Importance</title><location lang="ur">15_25850_ur.html</location><location lang="en">15_25850_en.html</location></activity><activity type="page" order="2" digest="71e8f05a0eed3090fce1988d70a2559730875"><title lang="sd">پهريون قدم: ڳالهه ٻڌڻ ۽ مسئلي جي تهه تا ئين پهچڻ</title><title lang="ur">پہلا قدم: بات کو غور سے سننا اور مسئلے کی تہ تک پہنچنا</title><title lang="en">First Step: Active Listening</title><location lang="sd">15_30875_sd.html</location><location lang="ur">15_30875_ur.html</location><location lang="en">15_30875_en.html</location></activity><activity type="page" order="3" digest="5dfb4bd9de5efe4fa154707f3d0f801230876"><title lang="sd">ٻيو قدم:  گڏ جي مسئلي جو حل ڳولهڻ.</title><title lang="ur">دوسرا  قدم: مل جل کر مسئلے کا حل تلاش کرنا</title><title lang="en">Second Step: Joint Problem Solving</title><location lang="sd">15_30876_sd.html</location><location lang="ur">15_30876_ur.html</location><location lang="en">15_30876_en.html</location></activity><activity type="page" order="4" digest="ec50061ec5487c6488fd77d22a43166425852"><title lang="sd">ٽيون قدم:  عملي ڪم</title><title lang="ur">تیسرا  قدم: عملی کام</title><title lang="en">Third Step: Action</title><location lang="sd">15_25852_sd.html</location><location lang="ur">15_25852_ur.html</location><location lang="en">15_25852_en.html</location></activity></activities></section><section order="16"><title lang="sd"><![CDATA[ڇهن مهينن تائين صرف ماءُ جو کير]]></title><title lang="ur"><![CDATA[چھ ماہ  تک صرف ماں کا دودھ]]></title><title lang="en"><![CDATA[Exclusive Breastfeeding]]></title><activities><activity type="page" order="1" digest="29327b1ebdb71369b9fa3d239d9f599e25856"><title lang="ur">اہمیت</title><title lang="en">Importance</title><location lang="ur">16_25856_ur.html</location><location lang="en">16_25856_en.html</location></activity><activity type="page" order="2" digest="6ff6066032c6a67e70ed6901ae3577a830877"><title lang="sd">پهريون قدم: ڳالهه ٻڌڻ ۽ مسئلي جي تهه تا ئين پهچڻ</title><title lang="ur">پہلا قدم: بات کو غور سے سننا اور مسئلے کی تہ تک پہنچنا</title><title lang="en">First Step: Active Listening</title><location lang="sd">16_30877_sd.html</location><location lang="ur">16_30877_ur.html</location><location lang="en">16_30877_en.html</location></activity><activity type="page" order="3" digest="ac30d981e966b8542545244d4470fa5430879"><title lang="sd">ٻيو قدم:  گڏ جي مسئلي جو حل ڳولهڻ.</title><title lang="ur">دوسرا  قدم: مل جل کر مسئلے کا حل تلاش کرنا</title><title lang="en">Second Step: Joint Problem Solving</title><location lang="sd">16_30879_sd.html</location><location lang="ur">16_30879_ur.html</location><location lang="en">16_30879_en.html</location></activity><activity type="page" order="4" digest="81c189294aba750fd7368450c20490ca25858"><title lang="sd">ٽيون قدم:  عملي ڪم</title><title lang="ur">تیسرا  قدم: عملی کام</title><title lang="en">Third Step: Action</title><location lang="sd">16_25858_sd.html</location><location lang="ur">16_25858_ur.html</location><location lang="en">16_25858_en.html</location></activity></activities></section><section order="17"><title lang="sd"><![CDATA[Preventing Tetanus
تشنج  سے بچاؤ
تــــشـــــنــــج کــــان بـــچـــاءُ]]></title><title lang="ur"><![CDATA[Preventing Tetanus
تشنج  سے بچاؤ
تــــشـــــنــــج کــــان بـــچـــاءُ]]></title><title lang="en"><![CDATA[Preventing Tetanus
تشنج  سے بچاؤ
تــــشـــــنــــج کــــان بـــچـــاءُ]]></title><activities><activity type="page" order="1" digest="7605eda64e421b297eef5c2402db339525846"><title lang="ur">اہمیت</title><title lang="en">Importance</title><location lang="ur">17_25846_ur.html</location><location lang="en">17_25846_en.html</location></activity><activity type="page" order="2" digest="65ec352af6d0a5e9bb49625d2ae1088930878"><title lang="sd">پهريون قدم: ڳالهه ٻڌڻ ۽ مسئلي جي تهه تا ئين پهچڻ</title><title lang="ur">پہلا قدم: بات کو غور سے سننا اور مسئلے کی تہ تک پہنچنا</title><title lang="en">First Step: Active Listening</title><location lang="sd">17_30878_sd.html</location><location lang="ur">17_30878_ur.html</location><location lang="en">17_30878_en.html</location></activity><activity type="page" order="3" digest="42ba15c6cbb03461ee670f9116103c7330881"><title lang="sd">ٻيو قدم:  گڏ جي مسئلي جو حل ڳولهڻ.</title><title lang="ur">دوسرا  قدم: مل جل کر مسئلے کا حل تلاش کرنا</title><title lang="en">Second Step: Joint Problem Solving</title><location lang="sd">17_30881_sd.html</location><location lang="ur">17_30881_ur.html</location><location lang="en">17_30881_en.html</location></activity><activity type="page" order="4" digest="07eee109ca0a27f227421a34101cb8ed25861"><title lang="sd">ٽيون قدم:  عملي ڪم</title><title lang="ur">تیسرا  قدم: عملی کام</title><title lang="en">Third Step: Action</title><location lang="sd">17_25861_sd.html</location><location lang="ur">17_25861_ur.html</location><location lang="en">17_25861_en.html</location></activity></activities></section><section order="18"><title lang="sd"><![CDATA[حــــفــــاظــتــي ٽــڪــا]]></title><title lang="ur"><![CDATA[حفاظتی ٹیکے]]></title><title lang="en"><![CDATA[Routine Immunization]]></title><activities><activity type="page" order="1" digest="4492a5b55a79da6bce96c18bb85369eb25859"><title lang="ur">اہمیت</title><title lang="en">Importance</title><location lang="ur">18_25859_ur.html</location><location lang="en">18_25859_en.html</location></activity><activity type="page" order="2" digest="21353ca4692bcfcdaeea1dc6277d0a8830880"><title lang="sd">پهريون قدم: ڳالهه ٻڌڻ ۽ مسئلي جي تهه تا ئين پهچڻ</title><title lang="ur">پہلا قدم: بات کو غور سے سننا اور مسئلے کی تہ تک پہنچنا</title><title lang="en">First Step: Active Listening</title><location lang="sd">18_30880_sd.html</location><location lang="ur">18_30880_ur.html</location><location lang="en">18_30880_en.html</location></activity><activity type="page" order="3" digest="4e3a44691d6f74608725885078f6d24d30882"><title lang="sd">ٻيو قدم:  گڏ جي مسئلي جو حل ڳولهڻ.</title><title lang="ur">دوسرا  قدم: مل جل کر مسئلے کا حل تلاش کرنا</title><title lang="en">Second Step: Joint Problem Solving</title><location lang="sd">18_30882_sd.html</location><location lang="ur">18_30882_ur.html</location><location lang="en">18_30882_en.html</location></activity><activity type="page" order="4" digest="3d0012070aebc4cbb4a9608ea8039e1e25848"><title lang="sd">ٽيون قدم:  عملي ڪم</title><title lang="ur">تیسرا  قدم: عملی کام</title><title lang="en">Third Step: Action</title><location lang="sd">18_25848_sd.html</location><location lang="ur">18_25848_ur.html</location><location lang="en">18_25848_en.html</location></activity></activities></section><section order="19"><title lang="sd"><![CDATA[دســتـــن کــان بــچــاءُ]]></title><title lang="ur"><![CDATA[اسہال سے بچاؤ]]></title><title lang="en"><![CDATA[Diarrhea Prevention]]></title><activities><activity type="page" order="1" digest="10a99e06b713d90fcb0cb329546cdda721392"><title lang="ur">اہمیت</title><title lang="en">Importance</title><location lang="ur">19_21392_ur.html</location><location lang="en">19_21392_en.html</location></activity><activity type="page" order="2" digest="a03f0bca35a579a7c67846429e8692cc30883"><title lang="sd">پهريون قدم: ڳالهه ٻڌڻ ۽ مسئلي جي تهه تا ئين پهچڻ</title><title lang="ur">پہلا قدم: بات کو غور سے سننا اور مسئلے کی تہ تک پہنچنا</title><title lang="en">First Step: Active Listening</title><location lang="sd">19_30883_sd.html</location><location lang="ur">19_30883_ur.html</location><location lang="en">19_30883_en.html</location></activity><activity type="page" order="3" digest="2105a99135c2f828bdac83ad8aad23bb30884"><title lang="sd">ٻيو قدم:  گڏ جي مسئلي جو حل ڳولهڻ.</title><title lang="ur">دوسرا  قدم: مل جل کر مسئلے کا حل تلاش کرنا</title><title lang="en">Second Step: Joint Problem Solving</title><location lang="sd">19_30884_sd.html</location><location lang="ur">19_30884_ur.html</location><location lang="en">19_30884_en.html</location></activity><activity type="page" order="4" digest="3ae3b28a22da3db9659b454d6a5275cf21393"><title lang="sd">ٽيون قدم:  عملي ڪم</title><title lang="ur">تیسرا  قدم: عملی کام</title><title lang="en">Third Step: Action</title><location lang="sd">19_21393_sd.html</location><location lang="ur">19_21393_ur.html</location><location lang="en">19_21393_en.html</location></activity></activities></section><section order="20"><title lang="sd"><![CDATA[دستن جو علاج]]></title><title lang="ur"><![CDATA[اسہال کا علاج]]></title><title lang="en"><![CDATA[Diarrhea Treatment]]></title><activities><activity type="page" order="1" digest="1f408e46cd5598e013a78f376e35330e21396"><title lang="ur">اہمیت</title><title lang="en">Importance</title><location lang="ur">20_21396_ur.html</location><location lang="en">20_21396_en.html</location></activity><activity type="page" order="2" digest="f916cd87c3e69bcfd74e5bb40aab7e0930885"><title lang="sd">پهريون قدم: ڳالهه ٻڌڻ ۽ مسئلي جي تهه تا ئين پهچڻ</title><title lang="ur">پہلا قدم: بات کو غور سے سننا اور مسئلے کی تہ تک پہنچنا</title><title lang="en">First Step: Active Listening</title><location lang="sd">20_30885_sd.html</location><location lang="ur">20_30885_ur.html</location><location lang="en">20_30885_en.html</location></activity><activity type="page" order="3" digest="43ee605d052be0668e369233d60daf6e30886"><title lang="sd">ٻيو قدم:  گڏ جي مسئلي جو حل ڳولهڻ.</title><title lang="ur">دوسرا  قدم: مل جل کر مسئلے کا حل تلاش کرنا</title><title lang="en">Second Step: Joint Problem Solving</title><location lang="sd">20_30886_sd.html</location><location lang="ur">20_30886_ur.html</location><location lang="en">20_30886_en.html</location></activity><activity type="page" order="4" digest="69b0e4bc977016d896761bc3f118adfd21397"><title lang="sd">ٽيون قدم:  عملي ڪم</title><title lang="ur">تیسرا  قدم: عملی کام</title><title lang="en">Third Step: Action</title><location lang="sd">20_21397_sd.html</location><location lang="ur">20_21397_ur.html</location><location lang="en">20_21397_en.html</location></activity></activities></section><section order="21"><title lang="sd"><![CDATA[ساهه جون بيماريون]]></title><title lang="ur"><![CDATA[سانس کی بیماریاں]]></title><title lang="en"><![CDATA[Acute Respiratory Infection]]></title><activities><activity type="page" order="1" digest="80b76a82fe3fbcb86be7d8343c58863125863"><title lang="ur">اہمیت</title><title lang="en">Importance</title><location lang="ur">21_25863_ur.html</location><location lang="en">21_25863_en.html</location></activity><activity type="page" order="2" digest="4e0d23ae799b37a4c0b782d592effd3730887"><title lang="sd">پهريون قدم: ڳالهه ٻڌڻ ۽ مسئلي جي تهه تا ئين پهچڻ</title><title lang="ur">پہلا قدم: بات کو غور سے سننا اور مسئلے کی تہ تک پہنچنا</title><title lang="en">First Step: Active Listening</title><location lang="sd">21_30887_sd.html</location><location lang="ur">21_30887_ur.html</location><location lang="en">21_30887_en.html</location></activity><activity type="page" order="3" digest="dc9fefb3d38086e61ebfd19f1ab8034030888"><title lang="sd">ٻيو قدم:  گڏ جي مسئلي جو حل ڳولهڻ.</title><title lang="ur">دوسرا  قدم: مل جل کر مسئلے کا حل تلاش کرنا</title><title lang="en">Second Step: Joint Problem Solving</title><location lang="sd">21_30888_sd.html</location><location lang="ur">21_30888_ur.html</location><location lang="en">21_30888_en.html</location></activity><activity type="page" order="4" digest="23d8deee8d5f0a7874429908be6456d625866"><title lang="sd">ٽيون قدم:  عملي ڪم</title><title lang="ur">تیسرا  قدم: عملی کام</title><title lang="en">Third Step: Action</title><location lang="sd">21_25866_sd.html</location><location lang="ur">21_25866_ur.html</location><location lang="en">21_25866_en.html</location></activity></activities></section><section order="22"><title lang="sd"><![CDATA[غذا جي گهٽتائي]]></title><title lang="ur"><![CDATA[غذائی کمی]]></title><title lang="en"><![CDATA[Acute Malnutrition]]></title><activities><activity type="page" order="1" digest="4d736363c2fdd7bbcc8fd60571b6cb3825862"><title lang="ur">اہمیت</title><title lang="en">Importance</title><location lang="ur">22_25862_ur.html</location><location lang="en">22_25862_en.html</location></activity><activity type="page" order="2" digest="6a0fe2210d9a2d5912be557ac16d6fd530889"><title lang="sd">پهريون قدم: ڳالهه ٻڌڻ ۽ مسئلي جي تهه تا ئين پهچڻ</title><title lang="ur">پہلا قدم: بات کو غور سے سننا اور مسئلے کی تہ تک پہنچنا</title><title lang="en">First Step: Active Listening</title><location lang="sd">22_30889_sd.html</location><location lang="ur">22_30889_ur.html</location><location lang="en">22_30889_en.html</location></activity><activity type="page" order="3" digest="26a2412feec531e43cf49d7264bcc2aa30890"><title lang="sd">ٻيو قدم:  گڏ جي مسئلي جو حل ڳولهڻ.</title><title lang="ur">دوسرا  قدم: مل جل کر مسئلے کا حل تلاش کرنا</title><title lang="en">Second Step: Joint Problem Solving</title><location lang="sd">22_30890_sd.html</location><location lang="ur">22_30890_ur.html</location><location lang="en">22_30890_en.html</location></activity><activity type="page" order="4" digest="41f357cb4d63f136c4e12de7d85b200f25867"><title lang="sd">ٽيون قدم:  عملي ڪم</title><title lang="ur">تیسرا  قدم: عملی کام</title><title lang="en">Third Step: Action</title><location lang="sd">22_25867_sd.html</location><location lang="ur">22_25867_ur.html</location><location lang="en">22_25867_en.html</location></activity></activities></section></structure></module>
