<?xml version="1.0" encoding="UTF-8"?>
<module><meta><versionid>20160926095751</versionid><priority>8</priority><server>http://52.17.123.50/</server><sequencing>none</sequencing><tags>Life-Stage-</tags><title lang="ur">زندگی کے مرحلے کا چارٹ</title><title lang="en">Life Stage Matrix</title><shortname>lsm</shortname><description lang="en"></description><langs><lang>ur</lang><lang>en</lang></langs></meta><structure><section order="1"><title lang="ur"><![CDATA[حمل کی حفاظت]]></title><title lang="en"><![CDATA[Antenatal Care]]></title><activities><activity type="resource" order="1" digest="73235b9d83cf971812c962935c5318ca27355"><title lang="ur">حمل کی حفاظت</title><title lang="en">Antenatal Care</title><description lang="ur">حمل کی حفاظت</description><description lang="en">Antenatal Care</description><location lang="en" type="application/pdf">/resources/Antenatal Care</location></activity><activity type="page" order="2" digest="91f4fcb0d337ec50caa4ebc6cc7bc48626030"><title lang="ur">حمل کی حفاظت</title><title lang="en">Antenatal Care</title><location lang="ur">01_26030_ur.html</location><location lang="en">01_26030_en.html</location></activity></activities></section><section order="2"><title lang="ur"><![CDATA[پیدائش کی تیاری]]></title><title lang="en"><![CDATA[Birth Preparedness]]></title><activities><activity type="resource" order="1" digest="524309af1d7539588ef466a8b3056a8927356"><title lang="ur">پیدائش کی تیاری</title><title lang="en">Birth Preparedness</title><description lang="ur">پیدائش کی تیاری</description><description lang="en">Birth Preparedness</description><location lang="en" type="application/pdf">/resources/Birth Preparedness</location></activity><activity type="page" order="2" digest="2584f4c8e73ae982ae04937f92ab63d626031"><title lang="ur">پیدائش کی تیاری</title><title lang="en">Birth Preparedness</title><location lang="ur">02_26031_ur.html</location><location lang="en">02_26031_en.html</location></activity></activities></section><section order="3"><title lang="ur"><![CDATA[تپدائش میں وقفہ]]></title><title lang="en"><![CDATA[Birth Spacing]]></title><activities><activity type="resource" order="1" digest="aa0396928fbaa9941d4101c68572baca27357"><title lang="ur">تپدائش میں وقفہ</title><title lang="en">Birth Spacing</title><description lang="ur">تپدائش میں وقفہ</description><description lang="en">Birth Spacing</description><location lang="en" type="application/pdf">/resources/Birth Spacing</location></activity><activity type="page" order="2" digest="762bca76672aaff2dd4cf11b1b545b7c26032"><title lang="ur">تپدائش میں وقفہ</title><title lang="en">Birth Spacing</title><location lang="ur">03_26032_ur.html</location><location lang="en">03_26032_en.html</location></activity></activities></section><section order="4"><title lang="ur"><![CDATA[بچے کی صحت:]]></title><title lang="en"><![CDATA[Child Health]]></title><activities><activity type="resource" order="1" digest="0b8411e7dec6824ebad654b394a3e5f727358"><title lang="ur">بچے کی صحت:</title><title lang="en">Child Health</title><description lang="ur">بچے کی صحت:</description><description lang="en">Child Health</description><location lang="en" type="application/pdf">/resources/Child Health</location></activity><activity type="page" order="2" digest="8873e6ed86c71f5278d94ba85e12e4f526033"><title lang="ur">بچے کی صحت:</title><title lang="en">Child Health</title><location lang="ur">04_26033_ur.html</location><location lang="en">04_26033_en.html</location></activity></activities></section><section order="5"><title lang="ur"><![CDATA[نوزائدہ کی دیکھ بھال]]></title><title lang="en"><![CDATA[Early Newborn Care]]></title><activities><activity type="resource" order="1" digest="7500cf177bef0a59ee16ac2a301e768727359"><title lang="ur">نوزائدہ کی دیکھ بھال</title><title lang="en">Early Newborn Care</title><description lang="ur">نوزائدہ کی دیکھ بھال</description><description lang="en">Early Newborn Care</description><location lang="en" type="application/pdf">/resources/Early Newborn</location></activity><activity type="page" order="2" digest="28c77d9e0a624a247b3646d5d2ae1d9926034"><title lang="ur">نوزائدہ کی دیکھ بھال</title><title lang="en">Early Newborn Care</title><location lang="ur">05_26034_ur.html</location><location lang="en">05_26034_en.html</location></activity></activities></section><section order="6"><title lang="ur"><![CDATA[پیدائش کے بعد کی احتیاطیں]]></title><title lang="en"><![CDATA[Postnatal Care]]></title><activities><activity type="resource" order="1" digest="3ea7c1e5e9d4a9e5a857d3b0ee69534727360"><title lang="ur">پیدائش کے بعد کی احتیاطیں</title><title lang="en">Postnatal Care</title><description lang="ur">پیدائش کے بعد کی احتیاطیں</description><description lang="en">Postnatal Care</description><location lang="en" type="application/pdf">/resources/Postnatal Care</location></activity><activity type="page" order="2" digest="bee502e2af7d7c755f3c1d663519fc0326035"><title lang="ur">پیدائش کے بعد کی احتیاطیں</title><title lang="en">Postnatal Care</title><location lang="ur">06_26035_ur.html</location><location lang="en">06_26035_en.html</location></activity></activities></section></structure></module>
